industry_category,diner_count,depth,diner_category_large,diner_category_middle,diner_category_small,diner_category_detail
"가정,생활",452,1,,,,
"서비스,산업",5,1,,,,
음식점,232587,1,,,,
"가정,생활",452,2,기타,,,
"서비스,산업",5,2,기타,,,
음식점,19746,2,간식,,,
음식점,3932,2,기타,,,
음식점,28703,2,술집,,,
음식점,2764,2,아시아음식,,,
음식점,30445,2,양식,,,
음식점,12034,2,일식,,,
음식점,10861,2,중식,,,
음식점,16327,2,카페,,,
음식점,107138,2,한식,,,
"가정,생활",35,3,기타,식품판매,,
"가정,생활",164,3,기타,여가시설,,
"가정,생활",253,3,기타,유아,,
"서비스,산업",5,3,기타,전문대행,,
음식점,902,3,간식,닭강정,,
음식점,585,3,간식,도넛,,
음식점,3346,3,간식,"떡,한과",,
음식점,12,3,간식,비첸향,,
음식점,2506,3,간식,아이스크림,,
음식점,5,3,간식,왕코미네탕후루,,
음식점,10416,3,간식,"제과,베이커리",,
음식점,105,3,간식,초콜릿,,
음식점,556,3,간식,토스트,,
음식점,32,3,간식,호시타코야끼,,
음식점,15,3,간식,황제탕후루,,
음식점,608,3,기타,구내식당,,
음식점,1743,3,기타,뷔페,,
음식점,204,3,기타,푸드코트,,
음식점,1377,3,기타,퓨전요리,,
음식점,4971,3,술집,실내포장마차,,
음식점,675,3,술집,오뎅바,,
음식점,1492,3,술집,와인바,,
음식점,3075,3,술집,일본식주점,,
음식점,1521,3,술집,칵테일바,,
음식점,4,3,술집,파이널나인,,
음식점,13108,3,술집,"호프,요리주점",,
음식점,2131,3,아시아음식,동남아음식,,
음식점,240,3,아시아음식,인도음식,,
음식점,22,3,아시아음식,탄탄면공방,,
음식점,64,3,아시아음식,튀르키예음식,,
음식점,425,3,양식,"멕시칸,브라질",,
음식점,1284,3,양식,샌드위치,,
음식점,1331,3,양식,샐러드,,
음식점,15,3,양식,서가앤쿡,,
음식점,366,3,양식,"스테이크,립",,
음식점,38,3,양식,스페인음식,,
음식점,2092,3,양식,이탈리안,,
음식점,12582,3,양식,치킨,,
음식점,13,3,양식,파스토보이,,
음식점,207,3,양식,패밀리레스토랑,,
음식점,21,3,양식,프랑스음식,,
음식점,4427,3,양식,피자,,
음식점,67,3,양식,해산물,,
음식점,3385,3,양식,햄버거,,
음식점,3990,3,일식,"돈까스,우동",,
음식점,7,3,일식,면식당,,
음식점,73,3,일식,백소정,,
음식점,4,3,일식,오니기리,,
음식점,615,3,일식,일본식라면,,
음식점,843,3,일식,일식집,,
음식점,1026,3,일식,참치회,,
음식점,107,3,일식,철판요리,,
음식점,2407,3,일식,"초밥,롤",,
음식점,31,3,일식,타코비,,
음식점,7,3,일식,토끼정,,
음식점,1341,3,중식,양꼬치,,
음식점,7502,3,중식,중국요리,,
음식점,113,3,카페,공차,,
음식점,5,3,카페,날쌘카페,,
음식점,196,3,카페,다방,,
음식점,48,3,카페,바나프레소,,
음식점,2,3,카페,반달커피,,
음식점,2,3,카페,벌크커피,,
음식점,2,3,카페,브런치빈,,
음식점,171,3,카페,생과일전문점,,
음식점,29,3,카페,아마스빈,,
음식점,3,3,카페,아임일리터,,
음식점,1,3,카페,오설록 티하우스,,
음식점,121,3,카페,전통찻집,,
음식점,26,3,카페,차얌,,
음식점,1,3,카페,카페마마스,,
음식점,5,3,카페,커피마마퀸,,
음식점,5417,3,카페,커피전문점,,
음식점,2667,3,카페,테마카페,,
음식점,13,3,카페,팔공티,,
음식점,2,3,카페,흑화당,,
음식점,1532,3,한식,감자탕,,
음식점,684,3,한식,곰탕,,
음식점,2905,3,한식,국밥,,
음식점,5551,3,한식,국수,,
음식점,19,3,한식,기막힌밥상,,
음식점,197,3,한식,기사식당,,
음식점,1474,3,한식,냉면,,
음식점,26,3,한식,덮덮밥,,
음식점,21,3,한식,덮밥90도씨,,
음식점,1,3,한식,덮밥집이야,,
음식점,1151,3,한식,도시락,,
음식점,711,3,한식,두부전문점,,
음식점,7,3,한식,든든볶음밥,,
음식점,41,3,한식,뜸들이다,,
음식점,7,3,한식,메가혼밥,,
음식점,6,3,한식,배고픈덮밥이,,
음식점,3,3,한식,백연게장,,
음식점,2,3,한식,볶음밥도사,,
음식점,14493,3,한식,분식,,
음식점,718,3,한식,"사철탕,영양탕",,
음식점,1245,3,한식,샤브샤브,,
음식점,698,3,한식,설렁탕,,
음식점,156,3,한식,수제비,,
음식점,2844,3,한식,순대,,
음식점,7,3,한식,순수덮밥,,
음식점,2,3,한식,승도리네 곱도리탕,,
음식점,368,3,한식,쌈밥,,
음식점,146,3,한식,야식,,
음식점,87,3,한식,오봉집,,
음식점,34713,3,한식,"육류,고기",,
음식점,14,3,한식,제육의법칙,,
음식점,166,3,한식,주먹밥,,
음식점,756,3,한식,죽,,
음식점,2445,3,한식,"찌개,전골",,
음식점,3,3,한식,천복집흑염소,,
음식점,29,3,한식,한식밥상,,
음식점,1041,3,한식,한정식,,
음식점,17445,3,한식,"해물,생선",,
음식점,1442,3,한식,해장국,,
음식점,21,3,한식,해탄,,
음식점,50,3,한식,핵밥,,
음식점,3,3,한식,혼밥대왕,,
"가정,생활",35,4,기타,식품판매,주류판매,
"가정,생활",42,4,기타,여가시설,만화방,
"가정,생활",122,4,기타,여가시설,보드카페,
"가정,생활",253,4,기타,유아,놀이시설,
"서비스,산업",5,4,기타,전문대행,공간대여,
음식점,76,4,간식,닭강정,가마로강정,
음식점,7,4,간식,닭강정,강정이기가막혀,
음식점,14,4,간식,닭강정,노랑강정,
음식점,13,4,간식,닭강정,닭강정공방,
음식점,22,4,간식,닭강정,알통떡강정,
음식점,38,4,간식,닭강정,인생닭강정,
음식점,21,4,간식,닭강정,천년닭강정,
음식점,225,4,간식,도넛,던킨,
음식점,48,4,간식,도넛,크리스피크림도넛,
음식점,4,4,간식,"떡,한과",떡담,
음식점,44,4,간식,"떡,한과",떡보의하루,
음식점,71,4,간식,"떡,한과",메고지고,
음식점,22,4,간식,"떡,한과",빚은,
음식점,5,4,간식,아이스크림,구스띠모,
음식점,7,4,간식,아이스크림,나뚜루,
음식점,613,4,간식,아이스크림,배스킨라빈스,
음식점,12,4,간식,아이스크림,빨라쪼델프레도,
음식점,167,4,간식,아이스크림,아이스크림스토리,
음식점,173,4,간식,아이스크림,얼음왕국,
음식점,84,4,간식,아이스크림,응응스크르,
음식점,19,4,간식,아이스크림,카페띠아모,
음식점,222,4,간식,아이스크림,픽미픽미아이스,
음식점,7,4,간식,아이스크림,하겐다즈,
음식점,2,4,간식,"제과,베이커리",가드니아제빵소,
음식점,9,4,간식,"제과,베이커리",김영모과자점,
음식점,5,4,간식,"제과,베이커리",데이앤데이,
음식점,433,4,간식,"제과,베이커리",뚜레쥬르,
음식점,13,4,간식,"제과,베이커리",롤링핀,
음식점,22,4,간식,"제과,베이커리",보네스뻬,
음식점,54,4,간식,"제과,베이커리",복호두,
음식점,38,4,간식,"제과,베이커리",브레댄코,
음식점,11,4,간식,"제과,베이커리",블럭제빵소,
음식점,14,4,간식,"제과,베이커리",빵굼터,
음식점,7,4,간식,"제과,베이커리",삼송빵집,
음식점,37,4,간식,"제과,베이커리",송사부수제쌀고로케,
음식점,59,4,간식,"제과,베이커리",아티제,
음식점,61,4,간식,"제과,베이커리",앤티앤스프레즐,
음식점,143,4,간식,"제과,베이커리",와플대학,
음식점,3,4,간식,"제과,베이커리",와플반트,
음식점,2,4,간식,"제과,베이커리",와플칸,
음식점,74,4,간식,"제과,베이커리",코코호도,
음식점,6,4,간식,"제과,베이커리",크라상점,
음식점,1194,4,간식,"제과,베이커리",파리바게뜨,
음식점,27,4,간식,"제과,베이커리",파리크라상,
음식점,28,4,간식,"제과,베이커리",한스,
음식점,18,4,간식,"제과,베이커리",호밀호두,
음식점,19,4,간식,"제과,베이커리",화이트리에,
음식점,10,4,간식,토스트,석봉토스트,
음식점,297,4,간식,토스트,이삭토스트,
음식점,15,4,간식,토스트,테그42,
음식점,5,4,간식,토스트,호봉토스트,
음식점,109,4,기타,뷔페,고기뷔페,
음식점,14,4,기타,뷔페,채식뷔페,
음식점,1016,4,기타,뷔페,한식뷔페,
음식점,48,4,기타,뷔페,해산물뷔페,
음식점,32,4,기타,퓨전요리,니뽕내뽕,
음식점,44,4,기타,퓨전요리,돼지게티,
음식점,63,4,기타,퓨전요리,아비꼬,
음식점,28,4,기타,퓨전요리,코코이찌방야,
음식점,201,4,기타,퓨전요리,퓨전일식,
음식점,48,4,기타,퓨전요리,퓨전중식,
음식점,553,4,기타,퓨전요리,퓨전한식,
음식점,35,4,술집,실내포장마차,79대포,
음식점,4,4,술집,실내포장마차,구노포차,
음식점,14,4,술집,실내포장마차,그놈포차,
음식점,16,4,술집,실내포장마차,냅다청양집,
음식점,4,4,술집,실내포장마차,사나포차,
음식점,108,4,술집,실내포장마차,철길부산집,
음식점,34,4,술집,실내포장마차,포차천국,
음식점,51,4,술집,실내포장마차,한신포차,
음식점,6,4,술집,오뎅바,오뎅사께,
음식점,413,4,술집,오뎅바,투다리,
음식점,14,4,술집,일본식주점,간빠이,
음식점,29,4,술집,일본식주점,꼬지사께,
음식점,8,4,술집,일본식주점,남오토코,
음식점,17,4,술집,일본식주점,노군꼬치,
음식점,4,4,술집,일본식주점,다다하다,
음식점,11,4,술집,일본식주점,동경야시장,
음식점,15,4,술집,일본식주점,모로미,
음식점,87,4,술집,일본식주점,생마차,
음식점,47,4,술집,일본식주점,시선,
음식점,23,4,술집,일본식주점,쏘시지요,
음식점,36,4,술집,일본식주점,토리키치,
음식점,13,4,술집,"호프,요리주점",가르텐비어,
음식점,50,4,술집,"호프,요리주점",간이역,
음식점,18,4,술집,"호프,요리주점",경성술집,
음식점,18,4,술집,"호프,요리주점",교동전선생,
음식점,88,4,술집,"호프,요리주점",금별맥주,
음식점,50,4,술집,"호프,요리주점",김복남맥주,
음식점,14,4,술집,"호프,요리주점",꼬치의품격,
음식점,4,4,술집,"호프,요리주점",꾼노리,
음식점,17,4,술집,"호프,요리주점",느린마을양조장,
음식점,32,4,술집,"호프,요리주점",리얼펍,
음식점,5,4,술집,"호프,요리주점",맛있는술집여기미술관,
음식점,4,4,술집,"호프,요리주점",맥주바켓,
음식점,37,4,술집,"호프,요리주점",무지개맥주,
음식점,3,4,술집,"호프,요리주점",밀러타임,
음식점,21,4,술집,"호프,요리주점",백스비어,
음식점,1,4,술집,"호프,요리주점",버들골이야기,
음식점,3,4,술집,"호프,요리주점",범맥주,
음식점,17,4,술집,"호프,요리주점",별난아재맥주,
음식점,97,4,술집,"호프,요리주점",봉구비어,
음식점,3,4,술집,"호프,요리주점",부라보맥주,
음식점,8,4,술집,"호프,요리주점",비어캐빈,
음식점,126,4,술집,"호프,요리주점",생활맥주,
음식점,1,4,술집,"호프,요리주점",서유기,
음식점,32,4,술집,"호프,요리주점",설맥,
음식점,12,4,술집,"호프,요리주점",세븐나잇,
음식점,31,4,술집,"호프,요리주점",수작,
음식점,8,4,술집,"호프,요리주점",수철이네왕새우튀김,
음식점,15,4,술집,"호프,요리주점",안주가,
음식점,12,4,술집,"호프,요리주점",엘리팝,
음식점,279,4,술집,"호프,요리주점",역전할머니맥주,
음식점,11,4,술집,"호프,요리주점",와바,
음식점,4,4,술집,"호프,요리주점",용구비어,
음식점,3,4,술집,"호프,요리주점",이자카야쇼부,
음식점,52,4,술집,"호프,요리주점",인생건어물맥주,
음식점,96,4,술집,"호프,요리주점",인쌩맥주,
음식점,8,4,술집,"호프,요리주점",자갈치브라더스,
음식점,8,4,술집,"호프,요리주점",지짐이,
음식점,2,4,술집,"호프,요리주점",짚동가리쌩주,
음식점,10,4,술집,"호프,요리주점",쪼끼쪼끼,
음식점,24,4,술집,"호프,요리주점",치어스,
음식점,141,4,술집,"호프,요리주점",크라운호프,
음식점,10,4,술집,"호프,요리주점",탁사발,
음식점,7,4,술집,"호프,요리주점",토대력,
음식점,115,4,술집,"호프,요리주점",펀비어킹,
음식점,15,4,술집,"호프,요리주점",피쉬앤그릴,
음식점,15,4,술집,"호프,요리주점",하노이맥주밤거리,
음식점,18,4,술집,"호프,요리주점",한남동그집,
음식점,1,4,술집,"호프,요리주점",행님아,
음식점,16,4,술집,"호프,요리주점",호맥,
음식점,1272,4,아시아음식,동남아음식,베트남음식,
음식점,10,4,아시아음식,동남아음식,생어거스틴,
음식점,22,4,아시아음식,동남아음식,샤브향,
음식점,388,4,아시아음식,동남아음식,태국음식,
음식점,57,4,아시아음식,동남아음식,포메인,
음식점,15,4,아시아음식,동남아음식,포몬스,
음식점,22,4,아시아음식,동남아음식,포베이,
음식점,11,4,아시아음식,동남아음식,포호아,
음식점,4,4,아시아음식,동남아음식,호아빈,
음식점,12,4,양식,"멕시칸,브라질",도스타코스,
음식점,8,4,양식,"멕시칸,브라질",온더보더,
음식점,15,4,양식,샌드위치,빈스앤베리즈,
음식점,10,4,양식,샌드위치,샌드프레소,
음식점,271,4,양식,샌드위치,써브웨이,
음식점,15,4,양식,샌드위치,에그2000,
음식점,49,4,양식,샌드위치,에그드랍,
음식점,11,4,양식,샌드위치,에그박스,
음식점,16,4,양식,샌드위치,에그셀런트,
음식점,31,4,양식,샌드위치,죠샌드위치,
음식점,7,4,양식,샌드위치,카페토스피아,
음식점,38,4,양식,샌드위치,퀴즈노스,
음식점,48,4,양식,샌드위치,홍루이젠,
음식점,186,4,양식,샐러드,샐러디,
음식점,32,4,양식,샐러드,샐러디아,
음식점,41,4,양식,샐러드,샐러리아,
음식점,3,4,양식,샐러드,샐럽스프,
음식점,7,4,양식,샐러드,앨리스의토끼굴,
음식점,10,4,양식,샐러드,투고샐러드,
음식점,78,4,양식,샐러드,포케올데이,
음식점,9,4,양식,이탈리안,닐리,
음식점,6,4,양식,이탈리안,더제이케이키친박스,
음식점,10,4,양식,이탈리안,더플레이스,
음식점,5,4,양식,이탈리안,덕수파스타,
음식점,10,4,양식,이탈리안,라그릴리아,
음식점,38,4,양식,이탈리안,롤링파스타,
음식점,14,4,양식,이탈리안,리미니,
음식점,44,4,양식,이탈리안,미태리,
음식점,24,4,양식,이탈리안,제비파스타,
음식점,19,4,양식,이탈리안,파스타에반하다,
음식점,17,4,양식,이탈리안,파스타왔어요,
음식점,70,4,양식,이탈리안,파스타입니다,
음식점,14,4,양식,이탈리안,파스타집이야,
음식점,1610,4,양식,치킨,구이,
음식점,10972,4,양식,치킨,프라이드,
음식점,10,4,양식,패밀리레스토랑,T.G.I.FRIDAYS,
음식점,25,4,양식,패밀리레스토랑,매드포갈릭,
음식점,18,4,양식,패밀리레스토랑,빕스,
음식점,22,4,양식,패밀리레스토랑,아웃백스테이크하우스,
음식점,26,4,양식,패밀리레스토랑,아웃백스테이크하우스딜리버리,
음식점,4,4,양식,패밀리레스토랑,애슐리,
음식점,4,4,양식,패밀리레스토랑,한스델리,
음식점,116,4,양식,피자,59쌀피자,
음식점,55,4,양식,피자,7번가피자,
음식점,46,4,양식,피자,고피자,
음식점,50,4,양식,피자,난타5000피자,
음식점,8,4,양식,피자,남자피자,
음식점,169,4,양식,피자,도미노피자,
음식점,22,4,양식,피자,맘스터치 피자앤치킨,
음식점,32,4,양식,피자,맘스피자,
음식점,14,4,양식,피자,매드피자,
음식점,44,4,양식,피자,미스터피자,
음식점,95,4,양식,피자,반올림피자,
음식점,7,4,양식,피자,반올림피자샵,
음식점,10,4,양식,피자,봉수아피자,
음식점,23,4,양식,피자,비스트로피자,
음식점,34,4,양식,피자,빅스타피자,
음식점,13,4,양식,피자,빨간모자피자,
음식점,72,4,양식,피자,빽보이피자,
음식점,10,4,양식,피자,뽕뜨락피자,
음식점,47,4,양식,피자,서오릉피자,
음식점,21,4,양식,피자,아이러브피자,
음식점,13,4,양식,피자,영구스피자,
음식점,15,4,양식,피자,왕손피자,
음식점,21,4,양식,피자,유로코피자,
음식점,40,4,양식,피자,자가제빵선명희피자,
음식점,8,4,양식,피자,지정환피자,
음식점,53,4,양식,피자,청년피자,
음식점,126,4,양식,피자,파파존스,
음식점,50,4,양식,피자,프레드피자,
음식점,7,4,양식,피자,피굽남피자,
음식점,132,4,양식,피자,피나치공,
음식점,11,4,양식,피자,피자나라치킨공주,
음식점,10,4,양식,피자,피자닭터,
음식점,138,4,양식,피자,피자마루,
음식점,27,4,양식,피자,피자먹다,
음식점,12,4,양식,피자,피자몰,
음식점,8,4,양식,피자,피자생각,
음식점,352,4,양식,피자,피자스쿨,
음식점,30,4,양식,피자,피자스톰,
음식점,97,4,양식,피자,피자알볼로,
음식점,21,4,양식,피자,피자에땅,
음식점,9,4,양식,피자,피자와치킨의러브레터,
음식점,25,4,양식,피자,피자탑,
음식점,17,4,양식,피자,피자파는집,
음식점,15,4,양식,피자,피자플래넷,
음식점,132,4,양식,피자,피자헛,
음식점,11,4,양식,피자,피자헤븐,
음식점,22,4,양식,피자,피제이피자,
음식점,36,4,양식,해산물,바닷가재,
음식점,4,4,양식,햄버거,666버거,
음식점,118,4,양식,햄버거,KFC,
음식점,81,4,양식,햄버거,노브랜드버거,
음식점,45,4,양식,햄버거,뉴욕버거,
음식점,24,4,양식,햄버거,뉴욕핫도그앤커피,
음식점,357,4,양식,햄버거,롯데리아,
음식점,399,4,양식,햄버거,맘스터치,
음식점,159,4,양식,햄버거,맥도날드,
음식점,125,4,양식,햄버거,명랑핫도그,
음식점,8,4,양식,햄버거,모스버거,
음식점,4,4,양식,햄버거,미스터빅,
음식점,50,4,양식,햄버거,버거리,
음식점,23,4,양식,햄버거,버거앤프라이즈,
음식점,202,4,양식,햄버거,버거킹,
음식점,22,4,양식,햄버거,쉐이크쉑,
음식점,9,4,양식,햄버거,스테프핫도그,
음식점,11,4,양식,햄버거,아이리시포테이토,
음식점,12,4,양식,햄버거,왓더버거,
음식점,241,4,양식,햄버거,프랭크버거,
음식점,5,4,양식,햄버거,프릭스버거,
음식점,19,4,양식,햄버거,힘난다버거,
음식점,5,4,일식,"돈까스,우동",가츠라,
음식점,11,4,일식,"돈까스,우동",감동까스,
음식점,6,4,일식,"돈까스,우동",겐로쿠우동,
음식점,14,4,일식,"돈까스,우동",경양카츠,
음식점,19,4,일식,"돈까스,우동",금화왕돈까스,
음식점,15,4,일식,"돈까스,우동",기소야,
음식점,52,4,일식,"돈까스,우동",긴자료코,
음식점,30,4,일식,"돈까스,우동",깡우동,
음식점,30,4,일식,"돈까스,우동",돈까스짱,
음식점,6,4,일식,"돈까스,우동",돈까스클럽,
음식점,9,4,일식,"돈까스,우동",동백카츠,
음식점,7,4,일식,"돈까스,우동",뜨돈,
음식점,5,4,일식,"돈까스,우동",만평우동,
음식점,14,4,일식,"돈까스,우동",무공돈까스,
음식점,55,4,일식,"돈까스,우동",미소야,
음식점,21,4,일식,"돈까스,우동",사보텐,
음식점,4,4,일식,"돈까스,우동",삼백돈돈가츠,
음식점,9,4,일식,"돈까스,우동",소노야,
음식점,8,4,일식,"돈까스,우동",신기소,
음식점,21,4,일식,"돈까스,우동",쑝쑝돈까스,
음식점,7,4,일식,"돈까스,우동",에바돈가츠,
음식점,96,4,일식,"돈까스,우동",역전우동0410,
음식점,7,4,일식,"돈까스,우동",연돈볼카츠,
음식점,7,4,일식,"돈까스,우동",오유미당,
음식점,31,4,일식,"돈까스,우동",용우동,
음식점,14,4,일식,"돈까스,우동",우쿠야,
음식점,20,4,일식,"돈까스,우동",유미카츠,
음식점,27,4,일식,"돈까스,우동",이백장돈가스,
음식점,14,4,일식,"돈까스,우동",정성카츠,
음식점,29,4,일식,"돈까스,우동",최고당돈가스,
음식점,17,4,일식,"돈까스,우동",코바코,
음식점,2,4,일식,"돈까스,우동",하나돈까스,
음식점,27,4,일식,"돈까스,우동",하루엔소쿠,
음식점,14,4,일식,"돈까스,우동",홍익돈까스,
음식점,6,4,일식,일본식라면,멘무샤,
음식점,9,4,일식,일본식라면,하코야,
음식점,10,4,일식,일식집,독도참치,
음식점,3,4,일식,일식집,돈돈정,
음식점,7,4,일식,일식집,홍대돈부리,
음식점,12,4,일식,"초밥,롤",무모한초밥,
음식점,33,4,일식,"초밥,롤",미카도스시,
음식점,37,4,일식,"초밥,롤",정직유부,
음식점,20,4,중식,양꼬치,경성양꼬치,
음식점,23,4,중식,양꼬치,이가네양꼬치,
음식점,39,4,중식,중국요리,라사천마라탕,
음식점,37,4,중식,중국요리,라홍방마라탕,
음식점,45,4,중식,중국요리,라화쿵부,
음식점,7,4,중식,중국요리,리춘시장,
음식점,10,4,중식,중국요리,마라영웅,
음식점,60,4,중식,중국요리,보배반점,
음식점,45,4,중식,중국요리,소림마라,
음식점,29,4,중식,중국요리,이비가짬뽕,
음식점,4,4,중식,중국요리,짬뽕상회,
음식점,38,4,중식,중국요리,탕참 탕수육참잘하는집,
음식점,143,4,중식,중국요리,탕화쿵푸마라탕,
음식점,17,4,중식,중국요리,피슈마라홍탕,
음식점,23,4,중식,중국요리,홍짜장,
음식점,143,4,중식,중국요리,홍콩반점0410,
음식점,9,4,중식,중국요리,홍탕,
음식점,9,4,카페,생과일전문점,고망고,
음식점,12,4,카페,생과일전문점,스무디킹,
음식점,9,4,카페,생과일전문점,아메리칸트레일러,
음식점,4,4,카페,생과일전문점,잠바주스,
음식점,37,4,카페,생과일전문점,쥬씨,
음식점,11,4,카페,전통찻집,오가다,
음식점,20,4,카페,커피전문점,감성커피,
음식점,26,4,카페,커피전문점,달리는커피,
음식점,5,4,카페,커피전문점,달콤커피,
음식점,14,4,카페,커피전문점,더리터,
음식점,107,4,카페,커피전문점,더벤티,
음식점,5,4,카페,커피전문점,더착한커피,
음식점,25,4,카페,커피전문점,더카페,
음식점,2,4,카페,커피전문점,드롭탑,
음식점,2,4,카페,커피전문점,디초콜릿커피,
음식점,4,4,카페,커피전문점,로띠번,
음식점,215,4,카페,커피전문점,매머드익스프레스,
음식점,16,4,카페,커피전문점,매머드커피,
음식점,506,4,카페,커피전문점,메가MGC커피,
음식점,6,4,카페,커피전문점,바나타이거,
음식점,6,4,카페,커피전문점,바빈스커피,
음식점,3,4,카페,커피전문점,베러먼데이커피,
음식점,8,4,카페,커피전문점,봉명동내커피,
음식점,9,4,카페,커피전문점,블루샥,
음식점,3,4,카페,커피전문점,빈스빈스,
음식점,229,4,카페,커피전문점,빽다방,
음식점,14,4,카페,커피전문점,셀렉토커피,
음식점,316,4,카페,커피전문점,스타벅스,
음식점,7,4,카페,커피전문점,아리스타커피,
음식점,2,4,카페,커피전문점,알리바바,
음식점,5,4,카페,커피전문점,에그카페24,
음식점,5,4,카페,커피전문점,에이미스커피,
음식점,23,4,카페,커피전문점,엔제리너스,
음식점,26,4,카페,커피전문점,우지커피,
음식점,2,4,카페,커피전문점,원유로스페셜티,
음식점,6,4,카페,커피전문점,유캔두잇,
음식점,12,4,카페,커피전문점,읍천리382,
음식점,305,4,카페,커피전문점,이디야커피,
음식점,5,4,카페,커피전문점,일리카페,
음식점,4,4,카페,커피전문점,주커피,
음식점,1,4,카페,커피전문점,천씨씨커피,
음식점,4,4,카페,커피전문점,카페051,
음식점,21,4,카페,커피전문점,카페게이트,
음식점,1,4,카페,커피전문점,카페글렌,
음식점,5,4,카페,커피전문점,카페동네,
음식점,16,4,카페,커피전문점,카페드림,
음식점,6,4,카페,커피전문점,카페베네,
음식점,3,4,카페,커피전문점,카페봄봄,
음식점,6,4,카페,커피전문점,카페아모제,
음식점,22,4,카페,커피전문점,카페인중독,
음식점,14,4,카페,커피전문점,커피니,
음식점,9,4,카페,커피전문점,커피마마,
음식점,44,4,카페,커피전문점,커피베이,
음식점,62,4,카페,커피전문점,커피빈,
음식점,22,4,카페,커피전문점,커피사피엔스,
음식점,63,4,카페,커피전문점,커피에반하다,
음식점,279,4,카페,커피전문점,컴포즈커피,
음식점,25,4,카페,커피전문점,탐앤탐스,
음식점,4,4,카페,커피전문점,터치카페,
음식점,5,4,카페,커피전문점,테라커피,
음식점,35,4,카페,커피전문점,텐퍼센트커피,
음식점,13,4,카페,커피전문점,토프레소,
음식점,201,4,카페,커피전문점,투썸플레이스,
음식점,5,4,카페,커피전문점,파란만잔,
음식점,7,4,카페,커피전문점,파머스빈,
음식점,28,4,카페,커피전문점,파스쿠찌,
음식점,21,4,카페,커피전문점,포트캔커피,
음식점,33,4,카페,커피전문점,폴바셋,
음식점,21,4,카페,커피전문점,플러스82,
음식점,9,4,카페,커피전문점,하삼동커피,
음식점,11,4,카페,커피전문점,하이오커피,
음식점,64,4,카페,커피전문점,할리스,
음식점,73,4,카페,테마카페,갤러리카페,
음식점,10,4,카페,테마카페,고양이카페,
음식점,1581,4,카페,테마카페,디저트카페,
음식점,20,4,카페,테마카페,떡카페,
음식점,134,4,카페,테마카페,라이브카페,
음식점,358,4,카페,테마카페,무인카페,
음식점,104,4,카페,테마카페,북카페,
음식점,74,4,카페,테마카페,사주카페,
음식점,59,4,카페,테마카페,애견카페,
음식점,11,4,한식,감자탕,남다른감자탕,
음식점,2,4,한식,감자탕,누리마을감자탕,
음식점,27,4,한식,감자탕,무청감자탕,
음식점,22,4,한식,감자탕,원당감자탕,
음식점,20,4,한식,감자탕,이바돔감자탕,
음식점,70,4,한식,감자탕,조마루감자탕,
음식점,28,4,한식,감자탕,참이맛감자탕,
음식점,3,4,한식,감자탕,통뼈감자탕,
음식점,2,4,한식,감자탕,행복추풍령감자탕,
음식점,39,4,한식,곰탕,바우네나주곰탕,
음식점,12,4,한식,국밥,곤지암할매소머리국밥,
음식점,3,4,한식,국밥,국밥진정성,
음식점,26,4,한식,국밥,국밥참맛있는집,
음식점,44,4,한식,국밥,더진국,
음식점,5,4,한식,국밥,돈수백,
음식점,19,4,한식,국밥,마선생얼큰국밥,
음식점,3,4,한식,국밥,모락국밥,
음식점,58,4,한식,국밥,열정국밥,
음식점,11,4,한식,국밥,완산골명가,
음식점,58,4,한식,국밥,육대장,
음식점,32,4,한식,국밥,육수당,
음식점,32,4,한식,국밥,이것이국밥이다,
음식점,25,4,한식,국밥,이바우국밥,
음식점,38,4,한식,국밥,이화수전통육개장,
음식점,55,4,한식,국밥,전주현대옥,
음식점,3,4,한식,국밥,진배기할매순대국밥,
음식점,12,4,한식,국밥,한모둠순대국,
음식점,9,4,한식,국수,153구포국수,
음식점,120,4,한식,국수,국수나무,
음식점,30,4,한식,국수,만복국수집,
음식점,19,4,한식,국수,망향비빔국수,
음식점,16,4,한식,국수,명동칼국수,
음식점,18,4,한식,국수,명동할머니국수,
음식점,8,4,한식,국수,미사리밀빛초계국수,
음식점,11,4,한식,국수,미정국수0410,
음식점,16,4,한식,국수,삼동소바,
음식점,2,4,한식,국수,소담비빔국수,
음식점,15,4,한식,국수,소호정,
음식점,8,4,한식,국수,제일제면소,
음식점,2422,4,한식,국수,칼국수,
음식점,36,4,한식,냉면,냉면쟁이고기꾼,
음식점,3,4,한식,냉면,설원칡냉면,
음식점,7,4,한식,냉면,유천냉면,
음식점,41,4,한식,냉면,육쌈냉면,
음식점,7,4,한식,냉면,화평동왕냉면,
음식점,124,4,한식,도시락,배달도시락,
음식점,161,4,한식,도시락,본도시락,
음식점,18,4,한식,도시락,오봉도시락,
음식점,19,4,한식,도시락,지지고,
음식점,256,4,한식,도시락,한솥도시락,
음식점,48,4,한식,두부전문점,북창동순두부,
음식점,10,4,한식,분식,강다짐,
음식점,84,4,한식,분식,고봉민김밥인,
음식점,17,4,한식,분식,공수간,
음식점,6,4,한식,분식,공씨네주먹밥,
음식점,210,4,한식,분식,김가네,
음식점,3483,4,한식,분식,떡볶이,
음식점,41,4,한식,분식,명인만두,
음식점,59,4,한식,분식,바르다김선생,
음식점,4,4,한식,분식,바푸리,
음식점,29,4,한식,분식,배터지는생동까스,
음식점,84,4,한식,분식,북촌손만두,
음식점,9,4,한식,분식,삼진어묵,
음식점,58,4,한식,분식,삼첩분식,
음식점,24,4,한식,분식,선비꼬마김밥,
음식점,5,4,한식,분식,스쿨스토어,
음식점,51,4,한식,분식,스쿨푸드,
음식점,1,4,한식,분식,신떡,
음식점,12,4,한식,분식,신포우리만두,
음식점,74,4,한식,분식,싸다김밥,
음식점,5,4,한식,분식,아딸,
음식점,29,4,한식,분식,애플꼬마김밥,
음식점,98,4,한식,분식,얌샘김밥,
음식점,31,4,한식,분식,장호덕손만두,
음식점,30,4,한식,분식,종로김밥,
음식점,18,4,한식,분식,틈새라면,
음식점,14,4,한식,분식,헬키푸키,
음식점,6,4,한식,샤브샤브,꽃마름,
음식점,139,4,한식,샤브샤브,등촌샤브칼국수,
음식점,6,4,한식,샤브샤브,로운샤브샤브,
음식점,27,4,한식,샤브샤브,명동칼국수샤브샤브,
음식점,9,4,한식,샤브샤브,봄담아,
음식점,8,4,한식,샤브샤브,뽕잎사랑,
음식점,11,4,한식,샤브샤브,샤브마니아,
음식점,3,4,한식,샤브샤브,샤브쌈주머니,
음식점,4,4,한식,샤브샤브,샤브올데이,
음식점,6,4,한식,샤브샤브,어바웃샤브,
음식점,9,4,한식,샤브샤브,옥소반,
음식점,94,4,한식,샤브샤브,채선당,
음식점,15,4,한식,샤브샤브,청록미나리식당,
음식점,23,4,한식,샤브샤브,편편집,
음식점,4,4,한식,설렁탕,본가신촌설렁탕,
음식점,22,4,한식,설렁탕,신선설농탕,
음식점,6,4,한식,설렁탕,신촌설렁탕,
음식점,67,4,한식,설렁탕,한촌설렁탕,
음식점,21,4,한식,순대,강창구찹쌀진순대,
음식점,68,4,한식,순대,담소소사골순대육개장,
음식점,28,4,한식,순대,무봉리토종순대국,
음식점,9,4,한식,순대,병천황토방순대,
음식점,129,4,한식,순대,신의주찹쌀순대,
음식점,98,4,한식,순대,큰맘할매순대국,
음식점,3,4,한식,쌈밥,러빙헛,
음식점,7,4,한식,쌈밥,쌈촌,
음식점,6,4,한식,쌈밥,원조쌈밥집,
음식점,4192,4,한식,"육류,고기",갈비,
음식점,43,4,한식,"육류,고기",고기극찬,
음식점,62,4,한식,"육류,고기",고기싸롱,
음식점,24,4,한식,"육류,고기",고돼지,
음식점,18,4,한식,"육류,고기",고반식당,
음식점,3079,4,한식,"육류,고기","곱창,막창",
음식점,4,4,한식,"육류,고기",그램그램,
음식점,6,4,한식,"육류,고기",김형제고기의철학,
음식점,6,4,한식,"육류,고기","꿩,타조",
음식점,7,4,한식,"육류,고기",논골집,
음식점,25,4,한식,"육류,고기",닥엔돈스,
음식점,5766,4,한식,"육류,고기",닭요리,
음식점,5,4,한식,"육류,고기",돌배기집,
음식점,2,4,한식,"육류,고기",뚱보집,
음식점,4,4,한식,"육류,고기",마포육곳간,
음식점,21,4,한식,"육류,고기",맛찬들왕소금구이,
음식점,44,4,한식,"육류,고기",목구멍,
음식점,15,4,한식,"육류,고기",목우촌웰빙마을,
음식점,3,4,한식,"육류,고기",무쏘,
음식점,13,4,한식,"육류,고기",미진축산,
음식점,7,4,한식,"육류,고기",보리네생고깃간,
음식점,5,4,한식,"육류,고기",본가,
음식점,442,4,한식,"육류,고기","불고기,두루치기",
음식점,2635,4,한식,"육류,고기",삼겹살,
음식점,24,4,한식,"육류,고기",삼산회관,
음식점,35,4,한식,"육류,고기",새마을식당,
음식점,3,4,한식,"육류,고기",서래갈매기,
음식점,50,4,한식,"육류,고기",식껍,
음식점,24,4,한식,"육류,고기",신마포갈매기,
음식점,30,4,한식,"육류,고기",엉터리생고기,
음식점,1214,4,한식,"육류,고기",오리,
음식점,23,4,한식,"육류,고기",원조부안집,
음식점,36,4,한식,"육류,고기",육칠이,
음식점,4,4,한식,"육류,고기",육회본가,
음식점,16,4,한식,"육류,고기",육회지존,
음식점,33,4,한식,"육류,고기",이차돌,
음식점,6,4,한식,"육류,고기",쟁반집8292,
음식점,10,4,한식,"육류,고기",정가대박집,
음식점,7,4,한식,"육류,고기",제주옥탑,
음식점,4142,4,한식,"육류,고기","족발,보쌈",
음식점,6,4,한식,"육류,고기",차돌풍,
음식점,2,4,한식,"육류,고기",착한고기,
음식점,18,4,한식,"육류,고기",한마음정육식당,
음식점,4,4,한식,"육류,고기",흑다돈,
음식점,134,4,한식,주먹밥,봉구스밥버거,
음식점,14,4,한식,죽,맛깔참죽,
음식점,18,4,한식,죽,모두의죽,
음식점,240,4,한식,죽,본죽,
음식점,102,4,한식,죽,죽이야기,
음식점,1,4,한식,죽,현죽,
음식점,1,4,한식,"찌개,전골",153포인츠부대찌개,
음식점,60,4,한식,"찌개,전골",놀부부대찌개,
음식점,156,4,한식,"찌개,전골",땅스부대찌개,
음식점,5,4,한식,"찌개,전골",모박사부대찌개,
음식점,10,4,한식,"찌개,전골",박가부대,
음식점,97,4,한식,"찌개,전골",백채김치찌개,
음식점,1,4,한식,"찌개,전골",소공동뚝배기집,
음식점,31,4,한식,"찌개,전골",아부찌부대찌개,
음식점,31,4,한식,"찌개,전골",옥된장,
음식점,50,4,한식,"찌개,전골",킹콩부대찌개,
음식점,26,4,한식,한정식,경복궁,
음식점,693,4,한식,"해물,생선","게,대게",
음식점,258,4,한식,"해물,생선","굴,전복",
음식점,5,4,한식,"해물,생선",김명자낙지마당,
음식점,22,4,한식,"해물,생선",김영희강남동태찜,
음식점,8,4,한식,"해물,생선",동원참치,
음식점,19,4,한식,"해물,생선",마린보이코다리1번가,
음식점,538,4,한식,"해물,생선","매운탕,해물탕",
음식점,65,4,한식,"해물,생선",바다양푼이동태탕,
음식점,305,4,한식,"해물,생선",복어,
음식점,1081,4,한식,"해물,생선",아구,
음식점,2,4,한식,"해물,생선",아라쭈꾸미,
음식점,15,4,한식,"해물,생선",어부네코다리조림,
음식점,7,4,한식,"해물,생선",연안식당,
음식점,18,4,한식,"해물,생선",오징어나라,
음식점,1441,4,한식,"해물,생선",장어,
음식점,604,4,한식,"해물,생선",조개,
음식점,5,4,한식,"해물,생선",쭈꾸미협동조합,
음식점,1031,4,한식,"해물,생선",추어,
음식점,1,4,한식,"해물,생선",해물상회,
음식점,21,4,한식,"해물,생선",황금코다리,
음식점,5252,4,한식,"해물,생선",회,
음식점,24,4,한식,해장국,달래해장,
음식점,16,4,한식,해장국,뚝배기양평해장국,
음식점,17,4,한식,해장국,양평해장국,
음식점,1,4,한식,해장국,우가양평해장국,
음식점,104,4,한식,해장국,일품양평해장국,
음식점,46,4,한식,해장국,제주은희네해장국,
음식점,45,4,한식,해장국,청진동해장국,
음식점,18,4,한식,해장국,해장쿡,
"가정,생활",35,5,기타,식품판매,주류판매,고래맥주창고
"가정,생활",42,5,기타,여가시설,만화방,만화카페
"가정,생활",6,5,기타,여가시설,보드카페,레드버튼
"가정,생활",4,5,기타,여가시설,보드카페,홈즈앤루팡
"가정,생활",5,5,기타,여가시설,보드카페,히어로보드게임카페
"가정,생활",253,5,기타,유아,놀이시설,키즈카페
"서비스,산업",5,5,기타,전문대행,공간대여,모임공간
음식점,20,5,기타,뷔페,고기뷔페,청년고기장수
음식점,20,5,기타,뷔페,해산물뷔페,쿠우쿠우
음식점,17,5,기타,퓨전요리,퓨전일식,오니기리와이규동
음식점,8,5,기타,퓨전요리,퓨전일식,테리야끼
음식점,25,5,기타,퓨전요리,퓨전한식,꾸이한끼
음식점,389,5,기타,퓨전요리,퓨전한식,본죽&비빔밥cafe
음식점,77,5,아시아음식,동남아음식,베트남음식,미분당
음식점,24,5,아시아음식,동남아음식,베트남음식,베트남노상식당
음식점,15,5,아시아음식,동남아음식,베트남음식,에머이
음식점,7,5,아시아음식,동남아음식,태국음식,메콩타이
음식점,32,5,양식,치킨,구이,계림원
음식점,345,5,양식,치킨,구이,굽네치킨
음식점,1,5,양식,치킨,구이,굽자나
음식점,70,5,양식,치킨,구이,기영이숯불두마리치킨
음식점,59,5,양식,치킨,구이,꾸브라꼬숯불두마리치킨
음식점,80,5,양식,치킨,구이,누구나홀딱반한닭
음식점,35,5,양식,치킨,구이,돈치킨
음식점,55,5,양식,치킨,구이,동근이숯불두마리치킨
음식점,10,5,양식,치킨,구이,두리아치킨
음식점,21,5,양식,치킨,구이,땅땅치킨
음식점,3,5,양식,치킨,구이,땡큐맘치킨
음식점,83,5,양식,치킨,구이,맛닭꼬
음식점,8,5,양식,치킨,구이,바비큐보스
음식점,86,5,양식,치킨,구이,부어치킨
음식점,19,5,양식,치킨,구이,불로만숯불바베큐
음식점,59,5,양식,치킨,구이,오븐마루치킨
음식점,3,5,양식,치킨,구이,오븐에꾸운닭
음식점,34,5,양식,치킨,구이,오븐에빠진닭
음식점,13,5,양식,치킨,구이,이춘봉인생치킨
음식점,158,5,양식,치킨,구이,지코바
음식점,42,5,양식,치킨,구이,코리안바베큐
음식점,228,5,양식,치킨,구이,푸라닭치킨
음식점,8,5,양식,치킨,구이,핫썬치킨
음식점,87,5,양식,치킨,구이,호치킨
음식점,65,5,양식,치킨,구이,화락바베큐치킨
음식점,3,5,양식,치킨,구이,화신바베큐치킨
음식점,3,5,양식,치킨,구이,훌랄라
음식점,17,5,양식,치킨,프라이드,60계
음식점,162,5,양식,치킨,프라이드,60계치킨
음식점,18,5,양식,치킨,프라이드,678치킨
음식점,609,5,양식,치킨,프라이드,BBQ
음식점,582,5,양식,치킨,프라이드,BHC치킨
음식점,8,5,양식,치킨,프라이드,DK치킨
음식점,125,5,양식,치킨,프라이드,가마치통닭
음식점,13,5,양식,치킨,프라이드,갓튀긴후라이드
음식점,3,5,양식,치킨,프라이드,경아두마리치킨
음식점,24,5,양식,치킨,프라이드,계동치킨
음식점,5,5,양식,치킨,프라이드,공만치킨
음식점,438,5,양식,치킨,프라이드,교촌치킨
음식점,4,5,양식,치킨,프라이드,구어조은닭
음식점,3,5,양식,치킨,프라이드,구워더존치킨
음식점,4,5,양식,치킨,프라이드,기발한치킨
음식점,114,5,양식,치킨,프라이드,깐부치킨
음식점,229,5,양식,치킨,프라이드,네네치킨
음식점,197,5,양식,치킨,프라이드,노랑통닭
음식점,8,5,양식,치킨,프라이드,다사랑치킨
음식점,11,5,양식,치킨,프라이드,당신은지금치킨이땡긴다
음식점,64,5,양식,치킨,프라이드,둘둘치킨
음식점,25,5,양식,치킨,프라이드,디디치킨
음식점,114,5,양식,치킨,프라이드,또래오래
음식점,112,5,양식,치킨,프라이드,또봉이통닭
음식점,12,5,양식,치킨,프라이드,림스치킨
음식점,5,5,양식,치킨,프라이드,매드후라이치킨
음식점,59,5,양식,치킨,프라이드,맥시칸치킨
음식점,183,5,양식,치킨,프라이드,멕시카나치킨
음식점,62,5,양식,치킨,프라이드,멕시칸치킨
음식점,65,5,양식,치킨,프라이드,명가통닭
음식점,9,5,양식,치킨,프라이드,모모치킨
음식점,14,5,양식,치킨,프라이드,미쳐버린파닭
음식점,70,5,양식,치킨,프라이드,바른치킨
음식점,110,5,양식,치킨,프라이드,보드람치킨
음식점,38,5,양식,치킨,프라이드,본스치킨
음식점,3,5,양식,치킨,프라이드,봉이치킨
음식점,43,5,양식,치킨,프라이드,순살만공격
음식점,16,5,양식,치킨,프라이드,순수치킨
음식점,18,5,양식,치킨,프라이드,신통치킨
음식점,13,5,양식,치킨,프라이드,쌀통닭
음식점,69,5,양식,치킨,프라이드,썬더치킨
음식점,59,5,양식,치킨,프라이드,아라치
음식점,2,5,양식,치킨,프라이드,아로하치킨
음식점,24,5,양식,치킨,프라이드,야들리애치킨
음식점,36,5,양식,치킨,프라이드,오늘통닭
음식점,25,5,양식,치킨,프라이드,오태식해바라기치킨
음식점,209,5,양식,치킨,프라이드,자담치킨
음식점,1,5,양식,치킨,프라이드,작살치킨
음식점,1,5,양식,치킨,프라이드,장모님치킨
음식점,296,5,양식,치킨,프라이드,처갓집양념치킨
음식점,10,5,양식,치킨,프라이드,충만치킨
음식점,6,5,양식,치킨,프라이드,치르치르
음식점,10,5,양식,치킨,프라이드,치킨과바람피자
음식점,3,5,양식,치킨,프라이드,치킨더홈
음식점,78,5,양식,치킨,프라이드,치킨마루
음식점,59,5,양식,치킨,프라이드,치킨매니아
음식점,29,5,양식,치킨,프라이드,치킨뱅이
음식점,4,5,양식,치킨,프라이드,치킨신드롬
음식점,2,5,양식,치킨,프라이드,치킨의민족
음식점,3,5,양식,치킨,프라이드,치킨퐁
음식점,83,5,양식,치킨,프라이드,치킨플러스
음식점,1,5,양식,치킨,프라이드,큰통치킨
음식점,1,5,양식,치킨,프라이드,투가이즈피자앤치킨
음식점,13,5,양식,치킨,프라이드,투존치킨
음식점,18,5,양식,치킨,프라이드,티바두마리치킨
음식점,1,5,양식,치킨,프라이드,파닭에파무쳐
음식점,293,5,양식,치킨,프라이드,페리카나
음식점,182,5,양식,치킨,프라이드,호식이두마리치킨
음식점,83,5,양식,치킨,프라이드,후라이드참잘하는집
음식점,9,5,양식,치킨,프라이드,후라이드치킨ZIP
음식점,68,5,양식,치킨,프라이드,훌랄라참숯치킨
음식점,2,5,카페,테마카페,디저트카페,79파운야드
음식점,8,5,카페,테마카페,디저트카페,과일담은요거트맛집요맛
음식점,8,5,카페,테마카페,디저트카페,노티드
음식점,2,5,카페,테마카페,디저트카페,뉴욕쟁이디저트
음식점,2,5,카페,테마카페,디저트카페,달롱도르요거트아이스크림
음식점,2,5,카페,테마카페,디저트카페,도레도레
음식점,37,5,카페,테마카페,디저트카페,디저트39
음식점,58,5,카페,테마카페,디저트카페,설빙
음식점,87,5,카페,테마카페,디저트카페,요거트아이스크림의정석
음식점,18,5,카페,테마카페,디저트카페,요거트월드
음식점,22,5,카페,테마카페,디저트카페,요거프레소
음식점,1,5,카페,테마카페,디저트카페,크로앙쥬
음식점,7,5,카페,테마카페,디저트카페,크로플덕오리아가씨
음식점,4,5,카페,테마카페,디저트카페,하이빙수
음식점,1,5,카페,테마카페,디저트카페,황후탕후루
음식점,6,5,카페,테마카페,무인카페,더리터24
음식점,58,5,카페,테마카페,무인카페,데이롱카페
음식점,37,5,카페,테마카페,무인카페,카페만월경
음식점,15,5,카페,테마카페,무인카페,카페인24
음식점,29,5,카페,테마카페,무인카페,카페프리헷
음식점,9,5,카페,테마카페,북카페,커피랑도서관
음식점,59,5,한식,분식,떡볶이,33떡볶이
음식점,72,5,한식,분식,떡볶이,감탄떡볶이
음식점,38,5,한식,분식,떡볶이,걸작떡볶이치킨
음식점,10,5,한식,분식,떡볶이,국대떡볶이
음식점,3,5,한식,분식,떡볶이,눈치떡
음식점,4,5,한식,분식,떡볶이,달토끼의떡볶이흡입구역
음식점,254,5,한식,분식,떡볶이,동대문엽기떡볶이
음식점,78,5,한식,분식,떡볶이,두끼떡볶이
음식점,149,5,한식,분식,떡볶이,땅스떡볶이
음식점,24,5,한식,분식,떡볶이,떡볶이참잘하는집 떡참
음식점,15,5,한식,분식,떡볶이,마성떡볶이
음식점,15,5,한식,분식,떡볶이,마피아떡볶이
음식점,22,5,한식,분식,떡볶이,모락로제떡볶이&닭강정
음식점,115,5,한식,분식,떡볶이,배떡
음식점,16,5,한식,분식,떡볶이,버무리
음식점,51,5,한식,분식,떡볶이,스텔라떡볶이
음식점,19,5,한식,분식,떡볶이,신떡순
음식점,189,5,한식,분식,떡볶이,신전떡볶이
음식점,21,5,한식,분식,떡볶이,신참떡볶이
음식점,11,5,한식,분식,떡볶이,아차산매운떡볶이
음식점,37,5,한식,분식,떡볶이,올떡
음식점,84,5,한식,분식,떡볶이,우리할매떡볶이
음식점,15,5,한식,분식,떡볶이,을찌로국물떡볶이
음식점,50,5,한식,분식,떡볶이,응급실국물떡볶이
음식점,4,5,한식,분식,떡볶이,이웃집소녀떡볶이
음식점,71,5,한식,분식,떡볶이,죠스떡볶이
음식점,121,5,한식,분식,떡볶이,청년다방
음식점,49,5,한식,분식,떡볶이,할머니가래떡볶이
음식점,163,5,한식,"육류,고기",갈비,명륜진사갈비
음식점,15,5,한식,"육류,고기",갈비,송추가마골
음식점,15,5,한식,"육류,고기",갈비,연남물갈비
음식점,19,5,한식,"육류,고기",갈비,육미제당
음식점,36,5,한식,"육류,고기",갈비,인생극장
음식점,4,5,한식,"육류,고기",갈비,해운대연탄생갈비
음식점,31,5,한식,"육류,고기","곱창,막창",곱깨비
음식점,38,5,한식,"육류,고기","곱창,막창",곱분이곱창
음식점,12,5,한식,"육류,고기","곱창,막창",곱창이야기
음식점,4,5,한식,"육류,고기","곱창,막창",달구지막창
음식점,9,5,한식,"육류,고기","곱창,막창",막창도둑
음식점,6,5,한식,"육류,고기","곱창,막창",불막열삼
음식점,14,5,한식,"육류,고기","곱창,막창",세광양대창
음식점,6,5,한식,"육류,고기","곱창,막창",양철북
음식점,6,5,한식,"육류,고기","곱창,막창",연타발
음식점,10,5,한식,"육류,고기","곱창,막창",오발탄
음식점,19,5,한식,"육류,고기","곱창,막창",하우돈곱창
음식점,8,5,한식,"육류,고기",닭요리,그집곱닭도리탕
음식점,1,5,한식,"육류,고기",닭요리,닭익는마을
음식점,1,5,한식,"육류,고기",닭요리,대한민국만세삼계탕
음식점,51,5,한식,"육류,고기",닭요리,동궁찜닭
음식점,202,5,한식,"육류,고기",닭요리,두찜
음식점,6,5,한식,"육류,고기",닭요리,볶찜
음식점,3,5,한식,"육류,고기",닭요리,본가장수촌
음식점,19,5,한식,"육류,고기",닭요리,봉명가닭도리탕
음식점,67,5,한식,"육류,고기",닭요리,봉추찜닭
음식점,714,5,한식,"육류,고기",닭요리,삼계탕
음식점,4,5,한식,"육류,고기",닭요리,오점오닭갈비
음식점,38,5,한식,"육류,고기",닭요리,유가네닭갈비
음식점,35,5,한식,"육류,고기",닭요리,일미리금계찜닭
음식점,43,5,한식,"육류,고기",닭요리,지호한방삼계탕
음식점,17,5,한식,"육류,고기",닭요리,청춘닭꼬치
음식점,5,5,한식,"육류,고기",닭요리,춘천꼬꼬닭갈비
음식점,41,5,한식,"육류,고기",닭요리,통큰두마리찜닭
음식점,44,5,한식,"육류,고기",닭요리,팔각도
음식점,29,5,한식,"육류,고기",닭요리,행복한찜닭
음식점,41,5,한식,"육류,고기",닭요리,화평댁닭구이
음식점,32,5,한식,"육류,고기","불고기,두루치기",고기듬뿍국물두루치기
음식점,1,5,한식,"육류,고기","불고기,두루치기",콩불
음식점,8,5,한식,"육류,고기",삼겹살,구이가
음식점,4,5,한식,"육류,고기",삼겹살,돈미품
음식점,35,5,한식,"육류,고기",삼겹살,따띠삼겹
음식점,22,5,한식,"육류,고기",삼겹살,엉터리생고기 무한대패
음식점,10,5,한식,"육류,고기",삼겹살,일품대패
음식점,20,5,한식,"육류,고기",삼겹살,푸줏간
음식점,85,5,한식,"육류,고기",삼겹살,하남돼지집
음식점,14,5,한식,"육류,고기",삼겹살,할매솥뚜껑삼겹살
음식점,71,5,한식,"육류,고기","족발,보쌈",가장맛있는족발
음식점,48,5,한식,"육류,고기","족발,보쌈",구구족
음식점,75,5,한식,"육류,고기","족발,보쌈",귀한족발
음식점,34,5,한식,"육류,고기","족발,보쌈",기대만족
음식점,37,5,한식,"육류,고기","족발,보쌈",놀부보쌈
음식점,21,5,한식,"육류,고기","족발,보쌈",도야족발
음식점,12,5,한식,"육류,고기","족발,보쌈",돈통마늘보쌈
음식점,59,5,한식,"육류,고기","족발,보쌈",마왕족발
음식점,29,5,한식,"육류,고기","족발,보쌈",만족오향족발
음식점,9,5,한식,"육류,고기","족발,보쌈",미스터보쌈5379
음식점,62,5,한식,"육류,고기","족발,보쌈",박정자할매족발보쌈
음식점,40,5,한식,"육류,고기","족발,보쌈",싸움의고수
음식점,28,5,한식,"육류,고기","족발,보쌈",완미족발
음식점,105,5,한식,"육류,고기","족발,보쌈",원할머니보쌈족발
음식점,9,5,한식,"육류,고기","족발,보쌈",장충동왕족발
음식점,3,5,한식,"육류,고기","족발,보쌈",족과의동침
음식점,36,5,한식,"육류,고기","족발,보쌈",족발신선생
음식점,74,5,한식,"육류,고기","족발,보쌈",족발야시장
음식점,4,5,한식,"육류,고기","족발,보쌈",토시래
음식점,7,5,한식,"해물,생선","굴,전복",굴마을낙지촌
음식점,64,5,한식,"해물,생선",아구,인생아구찜
음식점,35,5,한식,"해물,생선",추어,남가네설악추어탕
음식점,17,5,한식,"해물,생선",추어,송담추어탕
음식점,3,5,한식,"해물,생선",추어,원조설악추어탕
음식점,21,5,한식,"해물,생선",추어,춘향골남원추어탕
음식점,16,5,한식,"해물,생선",회,사조회참치
